<?xml version="1.0" encoding="UTF-8"?>
<definitions xmlns="http://www.omg.org/spec/BPMN/20100524/MODEL" xmlns:xsi="http://www.w3.org/2001/XMLSchema-instance" xmlns:xsd="http://www.w3.org/2001/XMLSchema" xmlns:activiti="http://activiti.org/bpmn" xmlns:bpmndi="http://www.omg.org/spec/BPMN/20100524/DI" xmlns:omgdc="http://www.omg.org/spec/DD/20100524/DC" xmlns:omgdi="http://www.omg.org/spec/DD/20100524/DI" typeLanguage="http://www.w3.org/2001/XMLSchema" expressionLanguage="http://www.w3.org/1999/XPath" targetNamespace="http://www.activiti.org/processdef">
  <process id="qingjia" isExecutable="true">
    <startEvent id="sid-AE120E1B-25EC-43C0-B703-8EE13CB13835"></startEvent>
    <userTask id="sid-30AE99C3-6055-4472-B3A3-9C4B0BB3975A" name="张三审批" activiti:assignee="zhang3"></userTask>
    <userTask id="sid-A8361321-1F0D-429F-8E5D-5F0D3FE7B764" name="李四审批" activiti:assignee="lili4"></userTask>
    <endEvent id="sid-18403A14-DABE-48F8-B43F-16BCAFC66CE7"></endEvent>
    <sequenceFlow id="sid-E88CBC13-6950-4428-8A88-721850823A32" sourceRef="sid-AE120E1B-25EC-43C0-B703-8EE13CB13835" targetRef="sid-30AE99C3-6055-4472-B3A3-9C4B0BB3975A"></sequenceFlow>
    <sequenceFlow id="sid-8D62AC0F-C742-4738-A61A-5FC81916ACC1" sourceRef="sid-30AE99C3-6055-4472-B3A3-9C4B0BB3975A" targetRef="sid-A8361321-1F0D-429F-8E5D-5F0D3FE7B764"></sequenceFlow>
    <sequenceFlow id="sid-4546D057-D5C4-467E-8BCC-AED3DF110B13" sourceRef="sid-A8361321-1F0D-429F-8E5D-5F0D3FE7B764" targetRef="sid-18403A14-DABE-48F8-B43F-16BCAFC66CE7"></sequenceFlow>
  </process>
  <bpmndi:BPMNDiagram id="BPMNDiagram_qingjia">
    <bpmndi:BPMNPlane bpmnElement="qingjia" id="BPMNPlane_qingjia">
      <bpmndi:BPMNShape bpmnElement="sid-AE120E1B-25EC-43C0-B703-8EE13CB13835" id="BPMNShape_sid-AE120E1B-25EC-43C0-B703-8EE13CB13835">
        <omgdc:Bounds height="30.0" width="30.0" x="214.43284560541542" y="142.0231410855287"></omgdc:Bounds>
      </bpmndi:BPMNShape>
      <bpmndi:BPMNShape bpmnElement="sid-30AE99C3-6055-4472-B3A3-9C4B0BB3975A" id="BPMNShape_sid-30AE99C3-6055-4472-B3A3-9C4B0BB3975A">
        <omgdc:Bounds height="80.0" width="100.0" x="330.0" y="120.0"></omgdc:Bounds>
      </bpmndi:BPMNShape>
      <bpmndi:BPMNShape bpmnElement="sid-A8361321-1F0D-429F-8E5D-5F0D3FE7B764" id="BPMNShape_sid-A8361321-1F0D-429F-8E5D-5F0D3FE7B764">
        <omgdc:Bounds height="80.0" width="100.0" x="525.0" y="117.02314108552869"></omgdc:Bounds>
      </bpmndi:BPMNShape>
      <bpmndi:BPMNShape bpmnElement="sid-18403A14-DABE-48F8-B43F-16BCAFC66CE7" id="BPMNShape_sid-18403A14-DABE-48F8-B43F-16BCAFC66CE7">
        <omgdc:Bounds height="28.0" width="28.0" x="735.0" y="143.0231410855287"></omgdc:Bounds>
      </bpmndi:BPMNShape>
      <bpmndi:BPMNEdge bpmnElement="sid-8D62AC0F-C742-4738-A61A-5FC81916ACC1" id="BPMNEdge_sid-8D62AC0F-C742-4738-A61A-5FC81916ACC1">
        <omgdi:waypoint x="430.0" y="159.23670284244326"></omgdi:waypoint>
        <omgdi:waypoint x="525.0" y="157.78643824308546"></omgdi:waypoint>
      </bpmndi:BPMNEdge>
      <bpmndi:BPMNEdge bpmnElement="sid-E88CBC13-6950-4428-8A88-721850823A32" id="BPMNEdge_sid-E88CBC13-6950-4428-8A88-721850823A32">
        <omgdi:waypoint x="244.42991477976543" y="157.31964771236983"></omgdi:waypoint>
        <omgdi:waypoint x="330.0" y="159.01145142629514"></omgdi:waypoint>
      </bpmndi:BPMNEdge>
      <bpmndi:BPMNEdge bpmnElement="sid-4546D057-D5C4-467E-8BCC-AED3DF110B13" id="BPMNEdge_sid-4546D057-D5C4-467E-8BCC-AED3DF110B13">
        <omgdi:waypoint x="625.0" y="157.0231410855287"></omgdi:waypoint>
        <omgdi:waypoint x="735.0" y="157.0231410855287"></omgdi:waypoint>
      </bpmndi:BPMNEdge>
    </bpmndi:BPMNPlane>
  </bpmndi:BPMNDiagram>
</definitions>